StudentID,Age,Gender,YearOfStudy,Program,StudyHours,SleepHours,WorkHours,ExerciseDays,StressLevel,AnxietyScore,SoughtSupport
S001,22,Femme,4,Génie,4.3,6.9,20,7,5,16,Oui
S002,23,Non binaire,1,Sciences,3.2,7.6,20,7,7,20,Oui
S003,24,Femme,3,Administration,4.7,6.6,20,2,8,12,Non
S004,21,Homme,4,Administration,3.4,5.9,0,6,4,1,Oui
S005,22,Non binaire,3,Sciences de la santé,6.3,8.1,10,1,7,20,Oui
S006,25,Homme,2,Sciences,2.7,6.2,15,2,3,19,Non
S007,25,Femme,2,Génie,3.3,8.7,15,1,3,5,Oui
S008,25,Non binaire,2,Génie,7.3,5.5,0,4,7,14,Non
S009,24,Non binaire,4,Sciences,4.4,8.3,5,4,5,18,Non
S010,25,Femme,2,Administration,4.7,5.3,0,5,5,1,Non
S011,19,Femme,2,Arts,7.6,6.8,0,1,10,5,Oui
S012,20,Femme,1,Sciences,4.4,7.3,15,0,6,17,Oui
S013,23,Femme,1,Génie,4.8,4.6,0,1,7,19,Oui
S014,21,Homme,2,Administration,5.1,5.9,20,7,7,6,Non
S015,25,Homme,2,Sciences,5.1,5.2,10,3,8,11,Non
S016,19,Homme,1,Sciences,5.8,7.9,10,0,6,14,Non
S017,18,Homme,3,Arts,4.8,6.8,15,4,7,5,Oui
S018,19,Homme,1,Sciences,5.2,5.3,5,4,9,8,Non
S019,25,Homme,4,Sciences de la santé,2.1,6.0,0,1,2,13,Oui
S020,19,Femme,4,Arts,4.5,8.1,5,3,4,17,Oui
S021,19,Homme,1,Sciences de la santé,2.5,7.7,5,6,4,7,Oui
S022,21,Homme,4,Administration,4.6,7.1,0,3,6,9,Non
S023,25,Non binaire,1,Administration,5.1,6.3,5,5,7,7,Oui
S024,23,Femme,4,Administration,6.8,7.1,5,3,8,17,Oui
S025,21,Homme,4,Sciences de la santé,2.8,5.1,5,4,5,4,Oui
S026,25,Non binaire,3,Génie,4.5,5.6,15,6,7,5,Non
S027,18,Non binaire,4,Arts,6.7,7.9,0,1,8,10,Oui
S028,19,Non binaire,3,Arts,8.0,8.1,5,3,10,13,Oui
S029,25,Homme,1,Administration,2.3,5.1,15,4,2,12,Oui
S030,21,Femme,3,Sciences,2.6,8.2,10,1,6,10,Non
S031,23,Non binaire,2,Arts,3.3,7.2,10,2,5,5,Non
S032,20,Non binaire,4,Sciences de la santé,2.5,5.4,0,3,3,20,Oui
S033,24,Femme,4,Sciences,7.9,5.7,5,7,9,15,Non
S034,18,Non binaire,3,Sciences,7.3,6.2,10,5,9,11,Oui
S035,22,Femme,2,Administration,1.5,6.6,15,0,1,3,Non
S036,19,Non binaire,1,Administration,1.3,6.6,0,3,4,21,Non
S037,22,Homme,3,Sciences de la santé,5.6,4.8,0,7,8,9,Non
S038,18,Femme,3,Génie,2.8,6.1,0,5,2,10,Non
S039,22,Homme,1,Sciences,2.4,4.9,10,4,3,13,Oui
S040,20,Homme,1,Administration,5.8,6.1,10,3,5,19,Non
